label,height_m,receiver_distance_m,wedge_angle_deg,path_difference_m,fresnel_500hz,maekawa_500hz_db,a_weighted_db,il_50hz_db,il_63hz_db,il_80hz_db,il_100hz_db,il_125hz_db,il_160hz_db,il_200hz_db,il_250hz_db,il_315hz_db,il_400hz_db,il_500hz_db,il_630hz_db,il_800hz_db,il_1000hz_db,il_1250hz_db,il_1600hz_db,il_2000hz_db,il_2500hz_db,il_3150hz_db,il_4000hz_db,il_5000hz_db,il_6300hz_db,il_8000hz_db,il_10000hz_db
h2-d5-w360,2,5,360,0.0499,0.1454,7.195,12.915,5.448,5.789,6.148,6.491,6.846,7.255,7.644,8.055,8.507,9.009,9.511,10.070,10.691,11.314,11.979,12.764,13.517,14.309,15.167,16.089,16.977,17.920,18.914,19.855
h2-d5-w315,2,5,315,0.0499,0.1454,7.195,12.392,4.387,4.795,5.222,5.625,6.034,6.499,6.933,7.385,7.875,8.410,8.940,9.524,10.167,10.807,11.487,12.286,13.049,13.848,14.713,15.640,16.532,17.477,18.473,19.415
h2-d5-w270,2,5,270,0.0499,0.1454,7.195,11.420,2.639,3.124,3.633,4.115,4.602,5.150,5.654,6.170,6.722,7.313,7.889,8.515,9.196,9.866,10.572,11.393,12.173,12.987,13.862,14.797,15.696,16.646,17.644,18.588
h2-d10-w360,2,10,360,0.0374,0.1091,6.718,12.315,5.543,5.846,6.163,6.465,6.777,7.136,7.477,7.838,8.237,8.680,9.125,9.623,10.179,10.740,11.343,12.061,12.755,13.492,14.298,15.174,16.025,16.937,17.906,18.829
h2-d10-w315,2,10,315,0.0374,0.1091,6.718,11.896,4.617,4.986,5.368,5.726,6.089,6.499,6.882,7.280,7.713,8.187,8.658,9.178,9.755,10.332,10.950,11.680,12.384,13.129,13.942,14.823,15.678,16.593,17.564,18.489
h2-d10-w270,2,10,270,0.0374,0.1091,6.718,11.105,3.027,3.484,3.957,4.398,4.841,5.334,5.786,6.247,6.739,7.266,7.782,8.343,8.956,9.562,10.205,10.959,11.680,12.440,13.264,14.155,15.017,15.937,16.912,17.840
h2-d20-w360,2,20,360,0.0312,0.0909,6.464,11.940,5.598,5.877,6.169,6.446,6.732,7.062,7.375,7.708,8.075,8.483,8.895,9.356,9.872,10.395,10.959,11.633,12.289,12.988,13.758,14.599,15.423,16.310,17.258,18.167
h2-d20-w315,2,20,315,0.0312,0.0909,6.464,11.577,4.751,5.095,5.449,5.780,6.114,6.492,6.844,7.211,7.610,8.047,8.483,8.965,9.501,10.039,10.617,11.303,11.969,12.676,13.453,14.299,15.127,16.018,16.968,17.878
h2-d20-w270,2,20,270,0.0312,0.0909,6.464,10.884,3.263,3.699,4.146,4.561,4.974,5.433,5.853,6.280,6.735,7.224,7.702,8.224,8.795,9.361,9.963,10.673,11.356,12.078,12.867,13.723,14.559,15.455,16.410,17.323
h2-d40-w360,2,40,360,0.0281,0.0818,6.332,11.728,5.627,5.893,6.171,6.435,6.707,7.020,7.319,7.635,7.985,8.374,8.767,9.207,9.702,10.203,10.745,11.394,12.027,12.704,13.452,14.272,15.078,15.950,16.884,17.783
h2-d40-w315,2,40,315,0.0281,0.0818,6.332,11.393,4.823,5.153,5.491,5.807,6.125,6.485,6.821,7.170,7.551,7.968,8.384,8.845,9.358,9.874,10.429,11.090,11.732,12.418,13.172,13.998,14.808,15.683,16.620,17.520
h2-d40-w270,2,40,270,0.0281,0.0818,6.332,10.752,3.395,3.818,4.249,4.649,5.045,5.485,5.886,6.294,6.729,7.197,7.654,8.153,8.700,9.244,9.823,10.507,11.167,11.867,12.634,13.470,14.287,15.168,16.110,17.014
h2-d60-w360,2,60,360,0.0270,0.0788,6.288,11.653,5.637,5.898,6.171,6.430,6.697,7.005,7.299,7.609,7.953,8.336,8.722,9.155,9.642,10.135,10.669,11.309,11.934,12.604,13.343,14.156,14.955,15.821,16.750,17.645
h2-d60-w315,2,60,315,0.0270,0.0788,6.288,11.328,4.849,5.173,5.506,5.816,6.129,6.483,6.812,7.156,7.530,7.940,8.349,8.802,9.307,9.816,10.362,11.015,11.649,12.326,13.073,13.890,14.694,15.563,16.495,17.391
h2-d60-w270,2,60,270,0.0270,0.0788,6.288,10.704,3.441,3.859,4.285,4.679,5.070,5.502,5.897,6.299,6.727,7.187,7.637,8.128,8.667,9.203,9.773,10.448,11.100,11.791,12.550,13.378,14.190,15.065,16.001,16.901
h2-d80-w360,2,80,360,0.0265,0.0773,6.265,11.614,5.642,5.901,6.171,6.428,6.693,6.998,7.288,7.596,7.937,8.316,8.699,9.129,9.611,10.101,10.631,11.266,11.887,12.552,13.288,14.096,14.892,15.755,16.681,17.574
h2-d80-w315,2,80,315,0.0265,0.0773,6.265,11.294,4.862,5.183,5.513,5.821,6.131,6.481,6.808,7.148,7.519,7.925,8.331,8.780,9.281,9.786,10.328,10.976,11.606,12.279,13.021,13.835,14.636,15.501,16.431,17.325
h2-d80-w270,2,80,270,0.0265,0.0773,6.265,10.679,3.465,3.880,4.304,4.694,5.082,5.511,5.902,6.301,6.725,7.181,7.627,8.115,8.649,9.181,9.748,10.418,11.065,11.752,12.507,13.331,14.139,15.011,15.945,16.843
h2.5-d5-w360,2.5,5,360,0.1980,0.5774,10.981,16.883,6.579,7.064,7.591,8.108,8.653,9.291,9.904,10.553,11.265,12.044,12.811,13.643,14.540,15.408,16.300,17.312,18.242,19.184,20.169,21.194,22.155,23.154,24.188,25.155
h2.5-d5-w315,2.5,5,315,0.1980,0.5774,10.981,16.049,5.341,5.885,6.468,7.036,7.626,8.310,8.959,9.639,10.379,11.182,11.966,12.813,13.722,14.599,15.498,16.514,17.448,18.392,19.379,20.404,21.366,22.365,23.400,24.367
h2.5-d5-w270,2.5,5,270,0.1980,0.5774,10.981,14.567,3.376,3.973,4.614,5.237,5.882,6.623,7.320,8.042,8.821,9.657,10.468,11.337,12.263,13.153,14.061,15.085,16.024,16.972,17.960,18.988,19.951,20.950,21.985,22.952
h2.5-d10-w360,2.5,10,360,0.1489,0.4341,9.997,16.141,6.520,6.955,7.426,7.888,8.376,8.948,9.500,10.088,10.736,11.450,12.160,12.936,13.781,14.607,15.464,16.443,17.351,18.276,19.248,20.264,21.219,22.214,23.245,24.211
h2.5-d10-w315,2.5,10,315,0.1489,0.4341,9.997,15.470,5.445,5.940,6.468,6.980,7.512,8.129,8.715,9.333,10.008,10.746,11.473,12.265,13.123,13.958,14.823,15.808,16.720,17.648,18.622,19.639,20.595,21.590,22.622,23.588
h2.5-d10-w270,2.5,10,270,0.1489,0.4341,9.997,14.248,3.663,4.226,4.826,5.402,5.996,6.677,7.315,7.979,8.696,9.471,10.228,11.044,11.923,12.773,13.649,14.643,15.562,16.494,17.472,18.491,19.449,20.445,21.477,22.443
h2.5-d20-w360,2.5,20,360,0.1240,0.3615,9.416,15.657,6.487,6.891,7.327,7.755,8.207,8.738,9.252,9.800,10.407,11.080,11.750,12.488,13.296,14.090,14.919,15.873,16.762,17.673,18.634,19.641,20.591,21.582,22.610,23.574
h2.5-d20-w315,2.5,20,315,0.1240,0.3615,9.416,15.075,5.507,5.971,6.463,6.939,7.434,8.008,8.555,9.133,9.766,10.462,11.150,11.903,12.724,13.529,14.366,15.326,16.219,17.133,18.096,19.105,20.056,21.047,22.077,23.041
h2.5-d20-w270,2.5,20,270,0.1240,0.3615,9.416,13.998,3.840,4.378,4.947,5.492,6.051,6.691,7.291,7.916,8.592,9.325,10.043,10.823,11.666,12.486,13.336,14.306,15.207,16.126,17.093,18.105,19.058,20.050,21.080,22.045
h2.5-d40-w360,2.5,40,360,0.1115,0.3251,9.100,15.375,6.468,6.854,7.271,7.680,8.112,8.620,9.112,9.638,10.222,10.869,11.517,12.232,13.017,13.792,14.604,15.541,16.418,17.318,18.271,19.272,20.218,21.206,22.233,23.195
h2.5-d40-w315,2.5,40,315,0.1115,0.3251,9.100,14.840,5.542,5.986,6.458,6.914,7.388,7.938,8.463,9.017,9.627,10.297,10.962,11.692,12.491,13.276,14.095,15.039,15.920,16.824,17.780,18.782,19.730,20.718,21.745,22.708
h2.5-d40-w270,2.5,40,270,0.1115,0.3251,9.100,13.840,3.940,4.462,5.013,5.538,6.077,6.693,7.271,7.873,8.525,9.234,9.930,10.686,11.507,12.308,13.142,14.096,14.986,15.895,16.855,17.861,18.810,19.799,20.828,21.791
h2.5-d60-w360,2.5,60,360,0.1074,0.3130,8.990,15.274,6.462,6.842,7.251,7.653,8.078,8.579,9.063,9.581,10.156,10.795,11.434,12.141,12.918,13.686,14.491,15.422,16.294,17.191,18.140,19.139,20.083,21.070,22.096,23.058
h2.5-d60-w315,2.5,60,315,0.1074,0.3130,8.990,14.755,5.554,5.992,6.456,6.905,7.371,7.913,8.430,8.976,9.577,10.238,10.895,11.617,12.407,13.185,13.998,14.935,15.812,16.712,17.664,18.665,19.610,20.598,21.624,22.586
h2.5-d60-w270,2.5,60,270,0.1074,0.3130,8.990,13.781,3.975,4.492,5.036,5.554,6.086,6.693,7.263,7.857,8.501,9.200,9.888,10.636,11.449,12.243,13.070,14.019,14.904,15.810,16.766,17.770,18.717,19.706,20.733,21.696
h2.5-d80-w360,2.5,80,360,0.1053,0.3069,8.934,15.222,6.458,6.835,7.241,7.640,8.061,8.557,9.038,9.552,10.123,10.757,11.392,12.094,12.867,13.631,14.433,15.360,16.230,17.125,18.073,19.070,20.013,20.999,22.025,22.987
h2.5-d80-w315,2.5,80,315,0.1053,0.3069,8.934,14.711,5.560,5.994,6.455,6.900,7.363,7.900,8.412,8.955,9.551,10.208,10.861,11.578,12.364,13.138,13.948,14.882,15.756,16.654,17.605,18.604,19.548,20.535,21.561,22.523
h2.5-d80-w270,2.5,80,270,0.1053,0.3069,8.934,13.750,3.993,4.507,5.047,5.562,6.090,6.693,7.259,7.849,8.488,9.183,9.866,10.610,11.419,12.209,13.033,13.979,14.861,15.765,16.720,17.722,18.669,19.657,20.684,21.647
h3-d5-w360,3,5,360,0.4403,1.2837,14.126,19.521,7.717,8.322,8.982,9.634,10.319,11.119,11.879,12.673,13.530,14.449,15.334,16.273,17.262,18.200,19.148,20.204,21.164,22.127,23.127,24.161,25.129,26.132,27.168,28.137
h3-d5-w315,3,5,315,0.4403,1.2837,14.126,18.424,6.322,6.976,7.684,8.376,9.098,9.932,10.718,11.534,12.409,13.343,14.238,15.185,16.180,17.122,18.072,19.130,20.091,21.055,22.055,23.090,24.058,25.061,26.097,27.066
h3-d5-w270,3,5,270,0.4403,1.2837,14.126,16.531,4.149,4.836,5.581,6.308,7.064,7.934,8.749,9.590,10.486,11.437,12.345,13.301,14.304,15.250,16.204,17.264,18.227,19.191,20.192,21.228,22.196,23.198,24.235,25.204
h3-d10-w360,3,10,360,0.3320,0.9680,12.966,18.730,7.487,8.038,8.639,9.233,9.860,10.595,11.299,12.040,12.846,13.718,14.565,15.472,16.435,17.354,18.288,19.334,20.287,21.245,22.242,23.274,24.241,25.243,26.279,27.247
h3-d10-w315,3,10,315,0.3320,0.9680,12.966,17.835,6.276,6.879,7.530,8.166,8.830,9.601,10.332,11.096,11.922,12.810,13.669,14.585,15.555,16.479,17.416,18.464,19.419,20.378,21.375,22.409,23.375,24.377,25.413,26.382
h3-d10-w270,3,10,270,0.3320,0.9680,12.966,16.247,4.309,4.963,5.666,6.350,7.060,7.876,8.644,9.439,10.291,11.202,12.077,13.006,13.987,14.917,15.859,16.911,17.867,18.828,19.826,20.860,21.827,22.829,23.866,24.834
h3-d20-w360,3,20,360,0.2763,0.8056,12.236,18.201,7.356,7.871,8.433,8.988,9.576,10.268,10.933,11.636,12.405,13.243,14.061,14.942,15.883,16.786,17.708,18.743,19.690,20.644,21.637,22.668,23.633,24.634,25.669,26.638
h3-d20-w315,3,20,315,0.2763,0.8056,12.236,17.420,6.254,6.821,7.433,8.030,8.656,9.383,10.076,10.802,11.591,12.445,13.276,14.167,15.116,16.024,16.950,17.988,18.936,19.891,20.886,21.917,22.882,23.883,24.919,25.887
h3-d20-w270,3,20,270,0.2763,0.8056,12.236,16.001,4.409,5.035,5.707,6.358,7.034,7.811,8.543,9.304,10.123,11.003,11.852,12.758,13.719,14.635,15.566,16.609,17.560,18.517,19.512,20.544,21.510,22.512,23.548,24.516
h3-d40-w360,3,40,360,0.2483,0.7238,11.822,17.888,7.285,7.779,8.317,8.850,9.416,10.082,10.724,11.405,12.152,12.968,13.768,14.632,15.559,16.451,17.363,18.391,19.334,20.284,21.275,22.304,23.268,24.268,25.304,26.271
h3-d40-w315,3,40,315,0.2483,0.7238,11.822,17.168,6.242,6.788,7.377,7.952,8.554,9.256,9.925,10.630,11.397,12.229,13.042,13.916,14.851,15.749,16.665,17.697,18.641,19.592,20.584,21.614,22.578,23.579,24.614,25.582
h3-d40-w270,3,40,270,0.2483,0.7238,11.822,15.841,4.466,5.075,5.727,6.359,7.013,7.767,8.478,9.218,10.016,10.875,11.707,12.598,13.545,14.452,15.375,16.411,17.358,18.312,19.306,20.336,21.301,22.302,23.338,24.306
h3-d60-w360,3,60,360,0.2389,0.6965,11.676,17.776,7.260,7.746,8.277,8.802,9.359,10.017,10.650,11.323,12.062,12.869,13.663,14.520,15.442,16.329,17.239,18.264,19.204,20.153,21.143,22.172,23.135,24.135,25.170,26.138
h3-d60-w315,3,60,315,0.2389,0.6965,11.676,17.075,6.238,6.777,7.357,7.924,8.518,9.211,9.872,10.568,11.326,12.151,12.957,13.825,14.755,15.648,16.561,17.590,18.532,19.483,20.474,21.502,22.466,23.467,24.502,25.470
h3-d60-w270,3,60,270,0.2389,0.6965,11.676,15.781,4.486,5.089,5.734,6.358,7.005,7.750,8.453,9.185,9.976,10.827,11.653,12.538,13.481,14.383,15.303,16.337,17.282,18.235,19.227,20.257,21.222,22.223,23.258,24.226
h3-d80-w360,3,80,360,0.2342,0.6828,11.601,17.717,7.247,7.730,8.256,8.777,9.330,9.983,10.612,11.281,12.015,12.819,13.608,14.463,15.382,16.267,17.174,18.198,19.137,20.086,21.075,22.103,23.067,24.067,25.101,26.069
h3-d80-w315,3,80,315,0.2342,0.6828,11.601,17.028,6.236,6.771,7.347,7.910,8.499,9.187,9.844,10.536,11.290,12.111,12.913,13.778,14.705,15.596,16.507,17.534,18.475,19.425,20.416,21.445,22.408,23.408,24.444,25.411
h3-d80-w270,3,80,270,0.2342,0.6828,11.601,15.749,4.496,5.096,5.738,6.358,7.001,7.742,8.440,9.168,9.955,10.802,11.625,12.507,13.447,14.347,15.265,16.298,17.242,18.194,19.186,20.216,21.180,22.181,23.216,24.184
h3.5-d5-w360,3.5,5,360,0.7703,2.2459,16.505,21.486,8.836,9.535,10.296,11.044,11.825,12.727,13.574,14.448,15.377,16.358,17.290,18.266,19.285,20.243,21.204,22.271,23.237,24.204,25.206,26.243,27.212,28.215,29.252,30.221
h3.5-d5-w315,3.5,5,315,0.7703,2.2459,16.505,20.169,7.301,8.040,8.840,9.619,10.428,11.355,12.220,13.108,14.048,15.038,15.975,16.956,17.978,18.937,19.900,20.967,21.934,22.901,23.904,24.940,25.909,26.912,27.950,28.919
h3.5-d5-w270,3.5,5,270,0.7703,2.2459,16.505,17.939,4.929,5.684,6.503,7.301,8.129,9.075,9.955,10.856,11.806,12.804,13.747,14.732,15.756,16.718,17.681,18.750,19.717,20.684,21.687,22.724,23.693,24.696,25.734,26.703
h3.5-d10-w360,3.5,10,360,0.5832,1.7003,15.312,20.650,8.430,9.076,9.782,10.477,11.207,12.056,12.859,13.694,14.589,15.542,16.453,17.414,18.421,19.371,20.327,21.389,22.353,23.318,24.320,25.356,26.324,27.327,28.364,29.333
h3.5-d10-w315,3.5,10,315,0.5832,1.7003,15.312,19.559,7.094,7.785,8.533,9.262,10.023,10.900,11.724,12.575,13.483,14.446,15.365,16.330,17.341,18.293,19.251,20.314,21.279,22.245,23.246,24.283,25.251,26.254,27.291,28.260
h3.5-d10-w270,3.5,10,270,0.5832,1.7003,15.312,17.655,4.948,5.673,6.457,7.220,8.011,8.918,9.765,10.636,11.560,12.536,13.463,14.435,15.451,16.406,17.365,18.430,19.396,20.362,21.364,22.400,23.369,24.372,25.409,26.378
h3.5-d20-w360,3.5,20,360,0.4849,1.4137,14.530,20.086,8.194,8.803,9.469,10.126,10.819,11.629,12.399,13.204,14.072,15.001,15.894,16.840,17.836,18.778,19.728,20.787,21.748,22.712,23.713,24.748,25.716,26.718,27.755,28.724
h3.5-d20-w315,3.5,20,315,0.4849,1.4137,14.530,19.125,6.976,7.631,8.340,9.033,9.758,10.597,11.388,12.211,13.093,14.033,14.934,15.886,16.886,17.831,18.783,19.844,20.806,21.770,22.771,23.806,24.774,25.777,26.814,27.783
h3.5-d20-w270,3.5,20,270,0.4849,1.4137,14.530,17.401,4.957,5.655,6.409,7.142,7.903,8.778,9.598,10.443,11.344,12.300,13.212,14.172,15.178,16.127,17.082,18.144,19.107,20.073,21.074,22.109,23.078,24.081,25.118,26.087
h3.5-d40-w360,3.5,40,360,0.4351,1.2686,14.076,19.751,8.066,8.652,9.294,9.929,10.600,11.385,12.134,12.920,13.770,14.683,15.564,16.500,17.488,18.424,19.371,20.426,21.386,22.349,23.348,24.383,25.350,26.353,27.390,28.358
h3.5-d40-w315,3.5,40,315,0.4351,1.2686,14.076,18.860,6.912,7.546,8.231,8.902,9.604,10.419,11.191,11.995,12.859,13.784,14.674,15.616,16.608,17.548,18.496,19.554,20.514,21.477,22.477,23.512,24.480,25.482,26.519,27.488
h3.5-d40-w270,3.5,40,270,0.4351,1.2686,14.076,17.234,4.962,5.644,6.378,7.092,7.834,8.688,9.490,10.319,11.205,12.147,13.048,14.000,14.999,15.943,16.895,17.954,18.916,19.880,20.880,21.916,22.884,23.886,24.923,25.892
h3.5-d60-w360,3.5,60,360,0.4185,1.2201,13.914,19.630,8.021,8.600,9.233,9.859,10.522,11.298,12.040,12.819,13.662,14.569,15.445,16.377,17.361,18.296,19.241,20.295,21.254,22.216,23.215,24.250,25.217,26.220,27.256,28.225
h3.5-d60-w315,3.5,60,315,0.4185,1.2201,13.914,18.763,6.890,7.516,8.193,8.855,9.550,10.356,11.120,11.917,12.775,13.694,14.579,15.517,16.506,17.444,18.391,19.447,20.407,21.369,22.369,23.404,24.371,25.374,26.411,27.379
h3.5-d60-w270,3.5,60,270,0.4185,1.2201,13.914,17.171,4.964,5.639,6.367,7.074,7.809,8.655,9.450,10.273,11.153,12.089,12.987,13.935,14.931,15.873,16.824,17.882,18.843,19.807,20.807,21.842,22.810,23.813,24.850,25.818
h3.5-d80-w360,3.5,80,360,0.4102,1.1958,13.831,19.568,7.999,8.573,9.201,9.823,10.482,11.254,11.992,12.767,13.606,14.510,15.384,16.314,17.296,18.230,19.174,20.227,21.186,22.148,23.147,24.181,25.148,26.151,27.187,28.156
h3.5-d80-w315,3.5,80,315,0.4102,1.1958,13.831,18.713,6.879,7.500,8.173,8.832,9.522,10.323,11.083,11.876,12.731,13.647,14.529,15.466,16.453,17.390,18.336,19.391,20.351,21.313,22.313,23.347,24.315,25.317,26.354,27.323
h3.5-d80-w270,3.5,80,270,0.4102,1.1958,13.831,17.138,4.965,5.637,6.361,7.064,7.796,8.638,9.429,10.248,11.125,12.059,12.955,13.901,14.896,15.837,16.787,17.844,18.805,19.769,20.769,21.804,22.771,23.774,24.811,25.780
h4-d5-w360,4,5,360,1.1803,3.4412,18.351,23.071,9.921,10.690,11.525,12.339,13.182,14.146,15.042,15.957,16.920,17.929,18.880,19.871,20.899,21.863,22.829,23.899,24.867,25.835,26.838,27.875,28.844,29.848,30.885,31.854
h4-d5-w315,4,5,315,1.1803,3.4412,18.351,21.568,8.260,9.062,9.927,10.764,11.627,12.609,13.517,14.441,15.411,16.425,17.379,18.372,19.403,20.368,21.334,22.404,23.372,24.340,25.344,26.381,27.350,28.353,29.391,30.360
h4-d5-w270,4,5,270,1.1803,3.4412,18.351,19.054,5.696,6.501,7.370,8.215,9.086,10.076,10.990,11.919,12.894,13.911,14.867,15.862,16.893,17.859,18.825,19.896,20.864,21.832,22.836,23.873,24.842,25.846,26.883,27.852
h4-d10-w360,4,10,360,0.8979,2.6179,17.167,22.169,9.338,10.061,10.847,11.617,12.420,13.344,14.209,15.099,16.041,17.033,17.973,18.956,19.979,20.940,21.903,22.971,23.938,24.906,25.908,26.945,27.914,28.917,29.955,30.924
h4-d10-w315,4,10,315,0.8979,2.6179,17.167,20.905,7.886,8.647,9.468,10.265,11.092,12.037,12.917,13.818,14.770,15.768,16.712,17.698,18.724,19.685,20.650,21.718,22.685,23.653,24.656,25.693,26.662,27.665,28.703,29.672
h4-d10-w270,4,10,270,0.8979,2.6179,17.167,18.729,5.568,6.349,7.192,8.010,8.855,9.819,10.713,11.624,12.584,13.590,14.538,15.527,16.555,17.518,18.483,19.552,20.520,21.488,22.491,23.528,24.497,25.500,26.538,27.507
h4-d20-w360,4,20,360,0.7458,2.1744,16.366,21.563,8.993,9.680,10.429,11.165,11.935,12.828,13.667,14.534,15.458,16.436,17.365,18.340,19.357,20.314,21.275,22.341,23.307,24.274,25.276,26.313,27.281,28.285,29.322,30.291
h4-d20-w315,4,20,315,0.7458,2.1744,16.366,20.439,7.665,8.392,9.178,9.944,10.740,11.655,12.511,13.391,14.325,15.310,16.244,17.223,18.243,19.201,20.163,21.230,22.196,23.163,24.166,25.202,26.171,27.174,28.212,29.181
h4-d20-w270,4,20,270,0.7458,2.1744,16.366,18.441,5.476,6.232,7.048,7.841,8.662,9.600,10.474,11.369,12.314,13.308,14.249,15.231,16.254,17.215,18.178,19.246,20.212,21.180,22.183,23.219,24.188,25.192,26.229,27.198
h4-d40-w360,4,40,360,0.6682,1.9482,15.894,21.203,8.805,9.469,10.195,10.909,11.660,12.531,13.353,14.206,15.117,16.084,17.005,17.974,18.987,19.941,20.900,21.965,22.930,23.897,24.898,25.935,26.903,27.906,28.944,29.913
h4-d40-w315,4,40,315,0.6682,1.9482,15.894,20.156,7.545,8.251,9.015,9.760,10.537,11.431,12.271,13.137,14.059,15.034,15.961,16.934,17.950,18.905,19.865,20.931,21.897,22.863,23.865,24.902,25.870,26.874,27.911,28.880
h4-d40-w270,4,40,270,0.6682,1.9482,15.894,18.253,5.422,6.161,6.960,7.736,8.540,9.462,10.323,11.205,12.141,13.126,14.060,15.038,16.058,17.016,17.977,19.044,20.010,20.977,21.980,23.016,23.985,24.988,26.026,26.995
h4-d60-w360,4,60,360,0.6422,1.8724,15.724,21.074,8.739,9.395,10.112,10.819,11.562,12.425,13.241,14.088,14.994,15.957,16.875,17.842,18.853,19.806,20.764,21.829,22.793,23.759,24.761,25.797,26.766,27.769,28.806,29.775
h4-d60-w315,4,60,315,0.6422,1.8724,15.724,20.053,7.504,8.202,8.957,9.695,10.464,11.351,12.185,13.045,13.962,14.933,15.857,16.828,17.842,18.797,19.756,20.821,21.787,22.753,23.755,24.791,25.760,26.763,27.800,28.769
h4-d60-w270,4,60,270,0.6422,1.8724,15.724,18.183,5.403,6.136,6.928,7.697,8.496,9.412,10.267,11.145,12.076,13.058,13.989,14.966,15.984,16.941,17.902,18.968,19.934,20.901,21.903,22.940,23.908,24.912,25.949,26.918
h4-d80-w360,4,80,360,0.6292,1.8345,15.636,21.006,8.706,9.358,10.070,10.773,11.512,12.371,13.183,14.027,14.931,15.891,16.808,17.774,18.784,19.736,20.694,21.758,22.722,23.689,24.690,25.726,26.695,27.698,28.735,29.704
h4-d80-w315,4,80,315,0.6292,1.8345,15.636,20.000,7.482,8.176,8.927,9.661,10.427,11.310,12.140,12.998,13.912,14.881,15.804,16.773,17.787,18.741,19.700,20.765,21.729,22.696,23.698,24.734,25.702,26.706,27.743,28.712
h4-d80-w270,4,80,270,0.6292,1.8345,15.636,18.146,5.393,6.123,6.911,7.678,8.473,9.385,10.237,11.113,12.042,13.022,13.953,14.928,15.945,16.902,17.863,18.929,19.894,20.861,21.863,22.900,23.868,24.872,25.909,26.878
h5-d5-w360,5,5,360,2.2066,6.4331,21.066,25.614,11.964,12.825,13.747,14.634,15.542,16.566,17.505,18.453,19.442,20.469,21.432,22.432,23.467,24.434,25.402,26.474,27.442,28.411,29.415,30.452,31.421,32.425,33.462,34.431
h5-d5-w315,5,5,315,2.2066,6.4331,21.066,23.819,10.086,10.967,11.906,12.806,13.725,14.757,15.701,16.653,17.645,18.674,19.638,20.639,21.674,22.642,23.610,24.682,25.650,26.619,27.623,28.660,29.629,30.633,31.670,32.640
h5-d5-w270,5,5,270,2.2066,6.4331,21.066,20.844,7.164,8.027,8.954,9.846,10.758,11.786,12.728,13.679,14.670,15.699,16.663,17.663,18.698,19.666,20.634,21.706,22.674,23.643,24.647,25.684,26.653,27.657,28.694,29.664
h5-d10-w360,5,10,360,1.6981,4.9507,19.929,24.518,11.036,11.864,12.755,13.617,14.503,15.507,16.432,17.370,18.351,19.373,20.333,21.330,22.363,23.330,24.297,25.368,26.337,27.306,28.309,29.346,30.315,31.319,32.356,33.325
h5-d10-w315,5,10,315,1.6981,4.9507,19.929,22.971,9.378,10.232,11.146,12.025,12.924,13.940,14.872,15.816,16.801,17.826,18.787,19.786,20.820,21.787,22.754,23.826,24.794,25.763,26.766,27.804,28.773,29.776,30.814,31.783
h5-d10-w270,5,10,270,1.6981,4.9507,19.929,20.345,6.739,7.591,8.505,9.386,10.288,11.307,12.242,13.187,14.174,15.200,16.162,17.161,18.195,19.163,20.131,21.202,22.170,23.139,24.143,25.180,26.149,27.153,28.190,29.159
h5-d20-w360,5,20,360,1.4072,4.1027,19.113,23.788,10.464,11.263,12.126,12.964,13.829,14.815,15.726,16.654,17.627,18.643,19.599,20.594,21.625,22.591,23.558,24.628,25.596,26.565,27.568,28.605,29.574,30.578,31.615,32.584
h5-d20-w315,5,20,315,1.4072,4.1027,19.113,22.387,8.937,9.765,10.654,11.511,12.392,13.391,14.312,15.245,16.224,17.243,18.201,19.197,20.230,21.196,22.163,23.234,24.202,25.171,26.174,27.211,28.180,29.184,30.221,31.190
h5-d20-w270,5,20,270,1.4072,4.1027,19.113,19.916,6.423,7.255,8.149,9.013,9.900,10.905,11.830,12.768,13.749,14.771,15.730,16.727,17.761,18.727,19.694,20.765,21.734,22.702,23.706,24.743,25.712,26.716,27.753,28.722
h5-d40-w360,5,40,360,1.2561,3.6621,18.620,23.360,10.148,10.928,11.772,12.593,13.444,14.416,15.318,16.237,17.205,18.216,19.169,20.162,21.192,22.157,23.123,24.193,25.161,26.129,27.133,28.170,29.139,30.142,31.180,32.149
h5-d40-w315,5,40,315,1.2561,3.6621,18.620,22.041,8.693,9.504,10.375,11.217,12.085,13.071,13.983,14.910,15.882,16.898,17.853,18.848,19.879,20.844,21.811,22.881,23.849,24.818,25.821,26.858,27.827,28.831,29.868,30.837
h5-d40-w270,5,40,270,1.2561,3.6621,18.620,19.639,6.232,7.049,7.928,8.779,9.656,10.650,11.568,12.500,13.477,14.495,15.453,16.448,17.480,18.446,19.413,20.484,21.452,22.421,23.424,24.461,25.430,26.434,27.471,28.440
h5-d60-w360,5,60,360,1.2053,3.5139,18.441,23.206,10.039,10.811,11.647,12.462,13.308,14.274,15.172,16.089,17.053,18.063,19.015,20.007,21.036,22.000,22.966,24.036,25.004,25.973,26.976,28.013,28.982,29.985,31.023,31.992
h5-d60-w315,5,60,315,1.2053,3.5139,18.441,21.916,8.609,9.412,10.276,11.113,11.976,12.957,13.865,14.789,15.759,16.773,17.728,18.721,19.752,20.717,21.683,22.753,23.721,24.690,25.693,26.730,27.699,28.703,29.740,30.709
h5-d60-w270,5,60,270,1.2053,3.5139,18.441,19.537,6.163,6.974,7.848,8.694,9.566,10.557,11.472,12.401,13.376,14.393,15.350,16.345,17.376,18.342,19.309,20.379,21.347,22.316,23.319,24.356,25.325,26.329,27.366,28.335
h5-d80-w360,5,80,360,1.1798,3.4397,18.349,23.127,9.983,10.751,11.584,12.396,13.238,14.202,15.097,16.012,16.976,17.984,18.936,19.927,20.956,21.920,22.886,23.956,24.923,25.892,26.895,27.932,28.901,29.904,30.942,31.911
h5-d80-w315,5,80,315,1.1798,3.4397,18.349,21.852,8.565,9.365,10.226,11.060,11.920,12.898,13.804,14.727,15.696,16.709,17.663,18.656,19.686,20.651,21.617,22.687,23.655,24.624,25.627,26.664,27.633,28.637,29.674,30.643
h5-d80-w270,5,80,270,1.1798,3.4397,18.349,19.484,6.128,6.935,7.806,8.650,9.520,10.508,11.422,12.350,13.324,14.340,15.296,16.291,17.322,18.287,19.254,20.325,21.293,22.261,23.265,24.302,25.271,26.274,27.312,28.281
h6-d5-w360,6,5,360,3.4536,10.0689,23.012,27.698,13.832,14.742,15.709,16.630,17.565,18.611,19.565,20.524,21.520,22.553,23.520,24.522,25.558,26.526,27.495,28.567,29.536,30.505,31.508,32.546,33.515,34.518,35.556,36.525
h6-d5-w315,6,5,315,3.4536,10.0689,23.012,25.684,11.776,12.697,13.673,14.601,15.541,16.592,17.548,18.508,19.506,20.540,21.507,22.509,23.545,24.514,25.483,26.554,27.523,28.492,29.496,30.533,31.503,32.506,33.544,34.513
h6-d5-w270,6,5,270,3.4536,10.0689,23.012,22.328,8.525,9.416,10.368,11.279,12.208,13.249,14.200,15.156,16.152,17.184,18.149,19.151,20.187,21.155,22.124,23.196,24.165,25.134,26.137,27.175,28.144,29.147,30.185,31.154
h6-d10-w360,6,10,360,2.6927,7.8503,21.931,26.357,12.580,13.469,14.418,15.325,16.249,17.286,18.234,19.188,20.182,21.213,22.178,23.179,24.214,25.182,26.151,27.223,28.191,29.160,30.164,31.201,32.170,33.174,34.212,35.181
h6-d10-w315,6,10,315,2.6927,7.8503,21.931,24.589,10.748,11.655,12.616,13.534,14.465,15.509,16.460,17.417,18.413,19.445,20.411,21.412,22.448,23.417,24.385,25.457,26.426,27.395,28.398,29.436,30.405,31.408,32.446,33.415
h6-d10-w270,6,10,270,2.6927,7.8503,21.931,21.607,7.819,8.709,9.658,10.567,11.493,12.532,13.481,14.437,15.431,16.462,17.428,18.429,19.465,20.433,21.402,22.473,23.442,24.411,25.415,26.452,27.421,28.425,29.462,30.431
h6-d20-w360,6,20,360,2.2268,6.4922,21.106,25.455,11.773,12.642,13.571,14.463,15.375,16.402,17.342,18.292,19.282,20.310,21.274,22.274,23.309,24.277,25.245,26.316,27.285,28.254,29.257,30.295,31.264,32.268,33.305,34.274
h6-d20-w315,6,20,315,2.2268,6.4922,21.106,23.833,10.073,10.962,11.907,12.812,13.733,14.767,15.713,16.666,17.658,18.688,19.653,20.653,21.689,22.657,23.625,24.697,25.665,26.634,27.638,28.675,29.644,30.648,31.685,32.655
h6-d20-w270,6,20,270,2.2268,6.4922,21.106,20.970,7.263,8.135,9.069,9.965,10.880,11.910,12.853,13.805,14.796,15.825,16.789,17.790,18.825,19.793,20.761,21.833,22.801,23.770,24.774,25.811,26.780,27.784,28.821,29.791
h6-d40-w360,6,40,360,1.9791,5.7701,20.594,24.932,11.322,12.176,13.090,13.971,14.874,15.893,16.828,17.774,18.761,19.787,20.749,21.749,22.783,23.750,24.718,25.790,26.758,27.727,28.731,29.768,30.737,31.741,32.778,33.747
h6-d40-w315,6,40,315,1.9791,5.7701,20.594,23.389,9.693,10.568,11.501,12.395,13.308,14.336,15.276,16.226,17.216,18.244,19.207,20.207,21.242,22.210,23.178,24.249,25.218,26.187,27.191,28.228,29.197,30.201,31.238,32.207
h6-d40-w270,6,40,270,1.9791,5.7701,20.594,20.552,6.913,7.770,8.690,9.576,10.482,11.505,12.443,13.391,14.379,15.407,16.370,17.369,18.404,19.372,20.340,21.411,22.380,23.349,24.352,25.389,26.359,27.362,28.400,29.369
h6-d60-w360,6,60,360,1.8953,5.5257,20.406,24.746,11.165,12.012,12.922,13.798,14.697,15.712,16.645,17.589,18.575,19.601,20.562,21.561,22.595,23.563,24.530,25.602,26.570,27.539,28.543,29.580,30.549,31.553,32.590,33.559
h6-d60-w315,6,60,315,1.8953,5.5257,20.406,23.230,9.560,10.429,11.358,12.248,13.158,14.182,15.121,16.069,17.058,18.085,19.048,20.048,21.082,22.050,23.018,24.089,25.058,26.027,27.030,28.068,29.037,30.040,31.078,32.047
h6-d60-w270,6,60,270,1.8953,5.5257,20.406,20.395,6.784,7.636,8.550,9.431,10.334,11.354,12.290,13.236,14.224,15.250,16.213,17.212,18.247,19.214,20.182,21.253,22.222,23.191,24.194,25.232,26.201,27.204,28.242,29.211
h6-d80-w360,6,80,360,1.8533,5.4031,20.308,24.650,11.085,11.929,12.835,13.709,14.606,15.620,16.552,17.495,18.480,19.505,20.466,21.465,22.499,23.466,24.434,25.505,26.474,27.443,28.446,29.483,30.452,31.456,32.493,33.463
h6-d80-w315,6,80,315,1.8533,5.4031,20.308,23.148,9.492,10.359,11.284,12.173,13.081,14.103,15.041,15.988,16.977,18.004,18.966,19.966,21.000,21.968,22.936,24.007,24.976,25.945,26.948,27.985,28.954,29.958,30.996,31.965
h6-d80-w270,6,80,270,1.8533,5.4031,20.308,20.314,6.717,7.566,8.477,9.356,10.257,11.275,12.210,13.155,14.142,15.168,16.131,17.130,18.164,19.132,20.100,21.171,22.139,23.108,24.112,25.149,26.118,27.122,28.159,29.128
